City_ID,City,Lat,Lng,Max Temp,Humidity,Cloudiness,Wind Speed,Country,Date
0,adamstown,-25.066,-130.1015,293.33,77,27,2.82,PN,1722641313
1,tofol,5.3248,163.0078,303.03,74,75,1.54,FM,1722641314
2,college,64.8569,-147.8028,284.33,88,100,5.66,US,1722641316
3,sterling,39.0062,-77.4286,307.34,55,75,3.09,US,1722641317
4,grytviken,-54.2811,-36.5092,274.34,89,100,5.99,GS,1722641318
5,puerto natales,-51.7236,-72.4875,274.63,99,100,0.2,CL,1722641319
6,dryden,49.7833,-92.7503,299.31,41,0,4.12,CA,1722641321
7,bethel,41.3712,-73.414,300.79,81,100,4.4,US,1722641322
8,waitangi,-43.9535,-176.5597,282.49,85,49,2.68,NZ,1722641323
9,talnakh,69.4865,88.3972,290.01,68,66,0.4,RU,1722641324
10,polyarnyy,69.1989,33.4478,281.98,93,26,3.81,RU,1722641325
11,mugia,43.1041,-9.2179,289.91,85,0,3.3,ES,1722641327
12,margaret river,-33.95,115.0667,283.19,77,85,2.23,AU,1722641328
13,regina,50.4501,-104.6178,311.14,17,40,5.66,CA,1722641329
14,weno,7.4515,151.8468,300.12,89,100,2.57,FM,1722641330
15,xiongzhou,25.1167,114.3,299.69,89,5,1.01,CN,1722641331
16,ushtobe,45.2514,77.9838,298.07,35,0,3.51,KZ,1722641333
17,hawaiian paradise park,19.5933,-154.9731,302.44,76,100,2.57,US,1722641334
18,jabat,7.75,168.9751,301.71,73,11,3.59,MH,1722641335
19,arroio grande,-32.2375,-53.0869,293.66,78,14,5.52,BR,1722641336
20,akrehamn,59.2667,5.1833,288.94,88,25,3.6,NO,1722641338
21,waynesboro,38.0685,-78.8895,300.91,61,0,3.6,US,1722641339
22,port shepstone,-30.7414,30.455,291.0,74,85,2.09,ZA,1722641340
23,magadan,59.5667,150.8,282.27,70,100,1.92,RU,1722641341
24,ushuaia,-54.8,-68.3,274.96,87,100,5.14,AR,1722641342
25,prado,-17.3411,-39.2208,295.13,87,2,1.1,BR,1722641344
26,lihue,21.9789,-159.3672,300.92,67,0,4.12,US,1722641345
27,blackmans bay,-43.0167,147.3167,283.0,74,100,0.89,AU,1722641346
28,west island,-12.1568,96.8225,300.14,74,100,6.69,CC,1722641347
29,ribeira grande,38.5167,-28.7,295.25,85,7,2.68,PT,1722641349
30,yermakovskoye,53.2831,92.4003,288.97,90,11,1.71,RU,1722641350
31,avarua,-21.2078,-159.775,296.18,53,100,1.54,CK,1722641351
32,viedma,-40.8135,-62.9967,291.12,24,100,9.01,AR,1722641352
33,mogadishu,2.0371,45.3438,297.75,82,100,7.8,SO,1722641353
34,port-aux-francais,-49.35,70.2167,274.75,73,75,12.55,TF,1722641355
35,christchurch,-43.5333,172.6333,281.11,70,0,1.79,NZ,1722641356
36,o rosal,41.9354,-8.8368,291.68,83,0,3.45,ES,1722641357
37,seven pagodas,12.6264,80.1722,302.1,67,100,3.61,IN,1722641358
38,murray bridge,-35.1167,139.2667,282.23,85,100,0.89,AU,1722641359
39,plettenberg bay,-34.0527,23.3716,283.46,85,5,1.44,ZA,1722641361
40,jambi city,-1.6,103.6167,296.52,91,21,1.7,ID,1722641362
41,ajaccio,42.0,8.9167,297.18,73,0,2.06,FR,1722641363
42,iquitos,-3.7481,-73.2472,302.17,61,40,1.03,PE,1722641364
43,port elizabeth,-33.918,25.5701,280.98,93,0,2.06,ZA,1722641365
44,cadale,2.7603,46.3222,297.65,84,100,8.38,SO,1722641367
45,nuuk,64.1835,-51.7216,276.49,100,100,3.09,GL,1722641368
46,mana,5.6592,-53.7767,300.29,78,84,4.17,GF,1722641369
47,iqaluit,63.7506,-68.5145,280.0,61,40,0.0,CA,1722641370
48,mumford,5.2618,-0.759,296.62,91,99,3.56,GH,1722641372
49,tsivil'sk,55.8611,47.4664,289.71,96,68,2.47,RU,1722641373
50,ilulissat,69.2167,-51.1,283.16,66,0,0.0,GL,1722641374
51,tazovsky,67.4667,78.7,286.05,97,78,3.82,RU,1722641375
52,hasaki,35.7333,140.8333,302.2,75,44,2.19,JP,1722641378
53,invercargill,-46.4,168.35,275.94,98,34,1.79,NZ,1722641379
54,vorgashor,67.5833,63.95,287.58,73,8,5.41,RU,1722641380
55,albany,42.6001,-73.9662,297.38,92,100,0.45,US,1722641381
56,edinburgh of the seven seas,-37.0676,-12.3116,282.56,50,73,14.21,SH,1722641382
57,asan,36.7836,127.0042,302.3,89,9,0.42,KR,1722641384
58,inarajan village,13.2736,144.7484,301.37,86,100,9.99,GU,1722641385
59,thompson,55.7435,-97.8558,292.24,55,40,5.66,CA,1722641386
60,isafjordur,66.0755,-23.124,283.17,81,100,3.6,IS,1722641387
61,forest,37.3638,-79.2897,299.42,88,0,2.57,US,1722641388
62,san antonio de pale,-1.4014,5.6325,295.61,77,69,5.14,GQ,1722641390
63,oliveira dos brejinhos,-12.3169,-42.8961,296.2,51,4,4.17,BR,1722641391
64,ivdel',60.6911,60.4206,287.51,99,100,1.53,RU,1722641392
65,port lincoln,-34.7333,135.8667,284.52,65,100,0.54,AU,1722641393
66,hilo,19.7297,-155.09,302.56,84,100,2.68,US,1722641394
67,usogorsk,63.4106,48.6872,289.9,72,98,2.02,RU,1722641396
68,whitehorse,60.7161,-135.0538,289.32,53,75,2.06,CA,1722641397
69,codrington,-38.2667,141.9667,281.92,86,100,2.68,AU,1722641398
70,namibe,-15.1961,12.1522,291.01,85,47,1.76,AO,1722641399
71,coari,-4.085,-63.1414,301.07,50,73,1.76,BR,1722641401
72,verkhnevilyuysk,63.4453,120.3167,289.44,50,77,0.44,RU,1722641403
73,colesberg,-30.72,25.0972,281.56,30,0,1.8,ZA,1722641405
74,sibolga,1.7427,98.7792,297.58,93,100,1.76,ID,1722641406
75,remire-montjoly,4.9167,-52.2667,298.17,94,0,0.0,GF,1722641407
76,afif,23.9065,42.9172,299.64,29,85,5.48,SA,1722641408
77,tromso,69.6496,18.957,284.16,93,100,1.54,NO,1722641410
78,barabai,-2.5833,115.3833,297.6,88,100,0.19,ID,1722641411
79,haiku-pauwela,20.9219,-156.3051,301.6,70,75,8.23,US,1722641412
80,kodiak,57.79,-152.4072,286.88,77,0,3.09,US,1722641413
81,hammerfest,70.6634,23.6821,286.4,94,7,3.6,NO,1722641414
82,wailua homesteads,22.0669,-159.378,300.59,70,0,4.12,US,1722641417
83,egilsstadir,65.2653,-14.3948,284.1,87,100,4.12,IS,1722641418
84,quzhou,28.9594,118.8686,305.25,66,0,1.71,CN,1722641419
85,taro,-8.3862,115.28,294.15,94,54,0.36,ID,1722641420
86,fortuna,40.5982,-124.1573,292.79,90,100,4.63,US,1722641422
87,hermanus,-34.4187,19.2345,278.04,78,0,1.62,ZA,1722641423
88,aketi,2.7388,23.7833,296.9,78,61,0.37,CD,1722641424
89,bahia de caraquez,-0.6,-80.4167,297.25,85,96,3.1,EC,1722641425
90,mutuali,-14.8706,37.0044,288.6,71,0,1.39,MZ,1722641426
91,brisas de zicatela,15.8369,-97.0419,302.44,79,75,3.6,MX,1722641428
92,vrontados,38.4089,26.1328,296.95,57,0,1.22,GR,1722641429
93,anadyr,64.75,177.4833,282.43,93,100,5.0,RU,1722641430
94,la'ie,21.6477,-157.9253,303.13,74,100,5.36,US,1722641431
95,ryotsu-minato,38.0833,138.4333,302.0,66,1,2.2,JP,1722641432
96,port douglas,-16.4833,145.4667,294.83,77,77,7.87,AU,1722641434
97,pervomayskoye,43.919,46.7102,296.68,61,27,2.56,RU,1722641435
98,bredasdorp,-34.5322,20.0403,279.82,94,1,1.96,ZA,1722641436
99,tiksi,71.6872,128.8694,280.73,62,100,0.58,RU,1722641438
100,camocim,-2.9022,-40.8411,298.18,66,22,6.57,BR,1722641440
101,houghton,47.1219,-88.569,301.86,54,0,6.17,US,1722641441
102,puerto ayora,-0.7393,-90.3518,293.29,75,81,4.67,EC,1722641442
103,alice springs,-23.7,133.8833,282.9,50,70,0.0,AU,1722641443
104,ponta pora,-22.5361,-55.7256,296.8,32,0,3.66,BR,1722641445
105,shizuishan,39.2333,106.7694,294.15,72,16,3.36,CN,1722641446
106,nemuro,43.3236,145.575,291.38,84,74,4.47,JP,1722641447
107,kristiansund,63.1115,7.732,288.51,84,0,3.09,NO,1722641448
108,hithadhoo,-0.6,73.0833,301.47,76,95,3.37,MV,1722641449
109,stanley,54.868,-1.6985,288.59,90,20,2.06,GB,1722641451
110,iwanai,42.9744,140.5089,302.16,68,57,2.35,JP,1722641452
111,nieuw amsterdam,5.8833,-55.0833,299.24,89,40,0.0,SR,1722641453
112,prince rupert,54.3161,-130.3201,291.98,72,0,6.17,CA,1722641454
113,papatowai,-46.5619,169.4708,280.82,68,64,0.69,NZ,1722641455
114,udachny,66.4167,112.4,289.6,58,69,1.75,RU,1722641457
115,ola,59.5833,151.2833,283.23,66,100,2.44,RU,1722641458
116,naze,28.3667,129.4833,301.66,74,0,2.56,JP,1722641459
117,longyearbyen,78.2186,15.6401,286.06,82,0,1.03,SJ,1722641460
118,iskateley,67.6803,53.1512,284.39,88,2,5.94,RU,1722641462
119,mount pearl,47.5166,-52.7813,292.57,93,100,8.23,CA,1722641375
120,susuman,62.7833,148.1667,282.22,47,91,2.08,RU,1722641464
121,kone,-21.0595,164.8658,295.37,52,23,4.49,NC,1722641465
122,akobo,7.4344,3.9497,294.05,98,100,1.35,NG,1722641466
123,utrik,11.2278,169.8474,301.4,73,10,1.92,MH,1722641467
124,ca mau,9.1769,105.15,299.9,86,100,1.47,VN,1722641469
125,callao,-12.0667,-77.15,292.99,77,0,7.2,PE,1722641470
126,dwarka,22.2394,68.9678,300.66,88,100,9.33,IN,1722641471
127,labrador city,52.9463,-66.9114,296.1,60,75,2.06,CA,1722641472
128,dudinka,69.4058,86.1778,287.99,69,60,3.62,RU,1722641474
129,acarau,-2.8856,-40.12,298.21,77,23,7.33,BR,1722641475
130,hamilton,39.1834,-84.5333,298.2,79,45,1.79,US,1722641472
131,olonkinbyen,70.9221,-8.7187,278.89,94,100,5.18,SJ,1722641477
132,kembe,4.6228,21.8865,294.46,91,88,0.9,CF,1722641478
133,north bend,43.4065,-124.2243,297.03,82,100,5.14,US,1722641480
134,boca do acre,-8.7522,-67.3978,303.4,42,83,1.44,BR,1722641481
135,arkalyk,50.2486,66.9114,291.59,54,40,3.55,KZ,1722641482
136,enewetak,11.3474,162.3373,301.85,78,53,4.65,MH,1722641483
137,georgetown,5.4112,100.3354,302.01,75,20,1.54,MY,1722641484
138,mata-utu,-13.2816,-176.1745,300.48,72,49,6.53,WF,1722641486
139,dubbo,-32.25,148.6167,281.22,81,28,4.12,AU,1722641487
140,yarmouth,41.7057,-70.2286,300.73,88,0,5.66,US,1722641488
141,la cruz,23.9167,-106.9,303.16,74,7,3.6,MX,1722641489
142,lebu,-37.6167,-73.65,282.59,92,69,4.31,CL,1722641490
143,east london,-33.0153,27.9116,287.27,81,23,2.08,ZA,1722641430
144,shubarkuduk,49.1447,56.4872,296.48,29,76,3.31,KZ,1722641493
145,mabaruma,8.2,-59.7833,296.82,99,89,1.09,GY,1722641494
146,portsmouth,50.799,-1.0913,292.54,80,67,5.36,GB,1722641495
147,el hamma,33.8915,9.7963,303.77,23,0,1.64,TN,1722641496
148,liwale,-9.7667,37.9333,288.65,94,0,0.67,TZ,1722641498
149,puerto lleras,3.0223,-73.4044,297.62,85,5,1.21,CO,1722641499
150,tamanrasset,22.785,5.5228,302.1,34,0,2.06,DZ,1722641500
151,arraial do cabo,-22.9661,-42.0278,295.04,78,0,10.06,BR,1722641501
152,howard springs,-12.497,131.047,297.1,47,39,4.19,AU,1722641502
153,inari,68.906,27.0288,285.91,95,9,2.85,FI,1722641504
154,darasun,51.6667,114.0,289.97,95,100,2.87,RU,1722641505
155,roxas,11.5853,122.7511,297.67,87,96,2.5,PH,1722641337
156,geraldton,-28.7667,114.6,281.38,81,1,5.14,AU,1722641507
157,north bay,46.3168,-79.4663,302.16,61,75,2.57,CA,1722641438
158,opuwo,-18.0607,13.84,290.52,34,0,2.56,NA,1722641510
159,grand falls-windsor,48.9332,-55.6649,285.1,90,91,0.89,CA,1722641511
160,canitas de felipe pescador,23.6,-102.7167,298.77,29,82,4.76,MX,1722641513
161,naryn,41.4287,75.9911,284.97,71,20,2.35,KG,1722641514
162,constantia,44.1833,28.65,294.65,71,19,5.26,RO,1722641516
163,fisterra,42.9049,-9.2629,289.83,84,0,4.5,ES,1722641518
164,dhidhdhoo,6.8833,73.1,301.48,77,100,5.07,MV,1722641519
165,gejiu,23.306,103.1635,289.52,99,100,1.43,CN,1722641520
166,tangzhai,34.4328,116.5911,302.68,82,28,2.18,CN,1722641522
167,montepuez,-13.1256,38.9997,289.77,93,0,2.62,MZ,1722641524
168,waddan,29.1614,16.139,299.9,46,0,2.36,LY,1722641526
169,vadso,70.0744,29.7487,284.64,87,11,4.63,NO,1722641528
170,las palmas,28.4204,-14.0131,296.59,57,0,6.17,ES,1722641529
171,port mathurin,-19.6833,63.4167,295.16,71,81,5.97,MU,1722641530
172,prince george,53.9166,-122.753,300.16,37,0,1.03,CA,1722641330
173,hadibu,12.65,54.0333,299.31,78,76,11.75,YE,1722641534
174,vanino,49.0869,140.2543,291.15,62,100,3.65,RU,1722641535
175,axim,4.8699,-2.2405,296.79,90,93,2.8,GH,1722641536
176,katsina,12.9894,7.6006,297.05,85,99,4.33,NG,1722641537
177,launceston,-41.45,147.1667,283.6,93,100,5.14,AU,1722641270
178,bolobo,-2.1667,16.2333,296.69,56,19,0.96,CD,1722641540
179,smithers,54.7804,-127.1743,299.33,25,40,3.6,CA,1722641541
180,nagqu,31.5,92.0,277.58,89,100,0.92,CN,1722641542
181,fort st. john,56.2499,-120.8529,295.09,33,100,3.09,CA,1722641395
182,dubti,11.7361,41.0853,299.84,72,100,2.76,ET,1722641544
183,vila franca do campo,37.7167,-25.4333,296.38,87,11,2.01,PT,1722641546
184,vila velha,-20.3297,-40.2925,294.23,96,100,2.57,BR,1722641547
185,reggane,26.7158,0.1714,309.56,9,0,5.49,DZ,1722641548
186,trairi,-3.2778,-39.2689,297.88,80,35,4.84,BR,1722641549
187,topes de collantes,21.9139,-80.0189,295.53,88,100,1.84,CU,1722641550
188,petropavlovsk-kamchatsky,53.0452,158.6483,291.48,68,75,0.0,RU,1722641552
189,broome,42.2506,-75.833,296.29,84,97,1.79,US,1722641553
190,manturovo,58.3353,44.7619,285.98,98,73,2.19,RU,1722641554
191,qaqortoq,60.7167,-46.0333,280.66,80,0,0.43,GL,1722641555
192,sinabang,2.4803,96.3801,298.41,90,100,3.08,ID,1722641557
193,whitecourt,54.1502,-115.6855,297.73,35,40,1.03,CA,1722641558
194,mount isa,-20.7333,139.5,293.02,42,0,3.6,AU,1722641559
195,yellowknife,62.456,-114.3525,291.71,53,20,5.14,CA,1722641560
196,new norfolk,-42.7826,147.0587,283.66,88,100,0.75,AU,1722641561
197,bodo,67.28,14.405,289.14,92,40,1.03,NO,1722641563
198,tura,25.5198,90.2201,296.55,98,100,2.54,IN,1722641564
199,roma,43.2128,-75.4557,295.66,97,100,0.45,US,1722641565
200,coquimbo,-29.9533,-71.3436,287.0,100,40,4.12,CL,1722641566
201,bilibino,68.0546,166.4372,285.15,48,100,3.85,RU,1722641567
202,nadym,65.5333,72.5167,290.84,72,52,4.3,RU,1722641569
203,novoarkhanhel's'k,48.658,30.8182,292.56,43,82,2.73,UA,1722641570
204,bathsheba,13.2167,-59.5167,302.49,79,40,8.23,BB,1722641571
205,kathu,7.9178,98.3332,302.98,83,99,1.91,TH,1722641572
206,nacala,-14.5428,40.6728,291.58,94,0,3.03,MZ,1722641573
207,severo-yeniseyskiy,60.3725,93.0408,285.48,95,12,1.11,RU,1722641575
208,badger,64.8,-147.5333,284.29,90,100,5.66,US,1722641473
209,isangel,-19.55,169.2667,292.69,84,100,7.41,VU,1722641577
210,i-n-salah,27.1935,2.4607,306.66,12,0,4.67,DZ,1722641578
211,kokemaki,61.2565,22.3564,289.03,98,99,2.28,FI,1722641579
212,ballina,-28.8667,153.5667,289.14,68,36,5.13,AU,1722641581
213,togur,58.3631,82.8265,289.59,88,17,2.41,RU,1722641582
214,kingston,17.997,-76.7936,302.68,79,20,4.63,JM,1722641583
215,shalya,57.2471,58.7298,285.89,99,100,2.15,RU,1722641584
216,rongelap,11.1635,166.8941,301.63,77,1,3.26,MH,1722641585
217,candolim,15.5181,73.7626,300.07,84,100,8.22,IN,1722641587
218,kapa'a,22.0752,-159.319,302.14,66,0,4.12,US,1722641588
219,igarka,67.4667,86.5833,288.42,93,100,3.03,RU,1722641589
220,severobaykal'sk,55.65,109.3167,289.4,60,100,1.42,RU,1722641590
221,punta arenas,-53.15,-70.9167,277.21,87,100,5.14,CL,1722641591
222,dalaba,10.7,-12.25,290.59,98,100,1.67,GN,1722641593
223,uturoa,-16.7333,-151.4333,297.13,67,50,5.17,PF,1722641594
224,tabou,4.423,-7.3528,297.27,83,100,4.61,CI,1722641595
225,cabo san lucas,22.8909,-109.9124,308.76,51,20,5.14,MX,1722641596
226,chonchi,-42.6128,-73.8092,280.71,94,100,4.05,CL,1722641597
227,ust-nera,64.5667,143.2,283.73,60,76,1.0,RU,1722641599
228,baker city,44.7749,-117.8344,314.99,13,0,2.57,US,1722641488
229,port kembla,-34.4667,150.9,286.67,71,17,1.24,AU,1722641601
230,pisco,-13.7,-76.2167,290.18,82,0,7.2,PE,1722641602
231,pemangkat,1.1667,108.9667,298.1,83,90,1.99,ID,1722641603
232,blenheim,-41.516,173.9528,281.77,63,1,1.77,NZ,1722641605
233,at-bashi,41.1702,75.8106,285.64,79,13,0.4,KG,1722641606
234,tianpeng,30.9866,103.9393,299.41,86,98,1.67,CN,1722641607
235,atafu village,-8.5421,-172.5159,301.48,73,12,7.01,TK,1722641608
236,kapuskasing,49.4169,-82.4331,302.2,47,20,7.2,CA,1722641609
237,ta`u,-14.2336,-169.5144,299.21,70,39,7.57,AS,1722641611
238,rondonopolis,-16.4708,-54.6356,299.61,28,23,2.14,BR,1722641612
239,kavieng,-2.5744,150.7967,302.2,72,85,7.15,PG,1722641613
240,imbituba,-28.24,-48.6703,288.88,94,3,7.05,BR,1722641614
241,vishnyeva,54.7122,26.5225,284.88,87,98,1.56,BY,1722641615
242,tolanaro,-25.0319,46.9987,291.19,88,40,0.0,MG,1722641617
243,byakabanda,-0.7425,31.4064,293.58,62,85,1.14,UG,1722641618
244,khorugh,37.4897,71.553,286.49,53,4,1.54,TJ,1722641619
245,jamestown,42.097,-79.2353,296.49,90,20,3.09,US,1722641548
246,qui nhon,13.7667,109.2333,301.04,75,3,1.6,VN,1722641621
247,puerto aysen,-45.4,-72.7,278.68,100,100,1.28,CL,1722641623
248,kalmunai,7.4167,81.8167,299.04,79,100,2.82,LK,1722641624
249,sisimiut,66.9395,-53.6735,280.45,78,6,1.62,GL,1722641625
250,sao tome,0.3365,6.7273,296.35,82,57,2.71,ST,1722641626
251,gwadar,25.1216,62.3254,301.04,83,100,3.75,PK,1722641627
252,zuwarah,32.9312,12.082,302.07,44,0,4.51,LY,1722641629
253,vilyuchinsk,52.9306,158.4028,292.3,77,100,3.51,RU,1722641630
254,kurchatov,51.6601,35.6521,288.38,79,25,1.75,RU,1722641631
255,taitung city,22.7583,121.1444,302.3,79,20,1.54,TW,1722641632
256,sitka,57.0531,-135.33,292.09,63,20,6.17,US,1722641633
257,norfolk,42.1668,-71.2495,300.33,83,96,1.86,US,1722641635
258,isahaya,32.8411,130.0431,302.79,84,20,0.51,JP,1722641636
259,portland,45.5234,-122.6762,307.93,45,20,5.14,US,1722641405
260,bayganin,48.6947,55.8742,295.85,37,57,3.58,KZ,1722641638
261,afaahiti,-17.75,-149.2833,298.08,65,34,4.17,PF,1722641639
262,tsiombe,-25.3,45.4833,288.92,86,0,1.69,MG,1722641641
263,ulan bator,47.9077,106.8832,287.22,94,75,2.0,MN,1722641642
264,uliastay,47.7417,96.8444,287.2,58,2,1.51,MN,1722641643
265,sao jose da coroa grande,-8.8978,-35.1478,296.93,83,55,6.03,BR,1722641644
266,ndola,-12.9587,28.6366,286.14,45,0,2.52,ZM,1722641645
267,n'djamena,12.1067,15.0444,298.13,100,20,1.03,TD,1722641647
268,sawakin,19.1059,37.3321,303.03,58,93,5.28,SD,1722641648
269,antofagasta,-23.65,-70.4,288.75,81,0,1.9,CL,1722641649
270,alice,27.7523,-98.0697,308.09,54,100,4.12,US,1722641650
271,san antonio,29.4241,-98.4936,310.21,44,40,5.14,US,1722641629
272,punta cana,18.5818,-68.4043,300.02,89,75,2.57,DO,1722641653
273,torghay,49.6339,63.4981,296.0,42,35,2.45,KZ,1722641654
274,antsiranana,-12.2787,49.2917,294.63,67,0,7.36,MG,1722641655
275,karasburg,-28.0167,18.75,285.34,13,11,4.94,NA,1722641656
276,ketchikan,55.3422,-131.6461,293.41,60,0,7.2,US,1722641657
277,saldanha,-33.0117,17.9442,277.18,79,0,1.21,ZA,1722641659
278,zhalantun,48.0,122.7167,294.01,53,100,0.96,CN,1722641660
279,basco,20.4487,121.9702,302.74,80,95,5.1,PH,1722641661
280,kailua-kona,19.6406,-155.9956,303.13,72,40,4.63,US,1722641662
281,tralee,52.2704,-9.7026,284.67,85,94,2.91,IE,1722641663
282,fort bragg,35.139,-79.006,301.23,78,0,4.12,US,1722641434
283,kuytun,54.3419,101.5036,290.24,73,6,2.09,RU,1722641666
284,porto novo,6.4965,2.6036,298.05,92,87,2.36,BJ,1722641667
285,nantucket,41.2835,-70.0995,299.34,98,98,6.29,US,1722641668
286,kourou,5.1552,-52.6478,298.18,85,72,2.09,GF,1722641669
287,sinop,41.7711,34.8709,290.05,56,0,2.79,TR,1722641670
288,melfi,40.9965,15.6514,297.54,51,1,3.83,IT,1722641672
289,kanker,20.2719,81.4931,295.84,95,100,5.61,IN,1722641673
290,bam,29.106,58.357,304.93,14,33,2.33,IR,1722641674
291,keflavik,64.0049,-22.5624,284.1,87,40,8.75,IS,1722641675
292,ivanec,46.2231,16.12,290.51,92,100,0.52,HR,1722641676
293,st. john's,47.5649,-52.7093,289.14,92,91,4.47,CA,1722641678
294,nueva gerona,21.8833,-82.8,302.39,70,86,3.29,CU,1722641679
295,khmilnyk,49.5598,27.9575,292.91,59,93,2.55,UA,1722641680
296,as sulayyil,20.4607,45.5779,309.29,14,98,3.63,SA,1722641681
297,saipan,15.1355,145.701,301.54,89,75,4.63,MP,1722641682
298,yinchuan,38.4681,106.2731,294.2,73,7,1.87,CN,1722641684
299,selfoss,63.9331,-20.9971,281.2,84,61,2.9,IS,1722641685
300,nova sintra,14.8667,-24.7167,298.43,76,95,9.34,CV,1722641686
301,topolovgrad,42.0833,26.3333,293.0,56,0,1.45,BG,1722641689
302,cockburn town,21.4612,-71.1419,301.58,84,81,9.88,TC,1722641690
303,rio grande,-32.035,-52.0986,292.56,85,7,7.68,BR,1722641691
304,banda aceh,5.5577,95.3222,299.53,84,91,3.01,ID,1722641692
305,buka,40.8108,69.1986,295.66,36,5,2.63,UZ,1722641693
306,sungai raya,0.7,108.9,297.64,89,99,2.25,ID,1722641695
307,lompoc,34.6391,-120.4579,304.83,70,0,6.17,US,1722641696
308,boguchany,58.3814,97.4531,287.3,96,96,2.14,RU,1722641697
309,orange walk,17.8333,-88.8333,299.93,94,99,0.19,BZ,1722641698
310,mangrol,21.1167,70.1167,300.23,88,100,9.11,IN,1722641699
311,gibong,11.8634,122.0394,299.75,83,87,3.33,PH,1722641701
312,utete,-7.986,38.758,293.26,96,2,1.47,TZ,1722641702
313,bhadra,29.1167,75.1667,302.0,77,67,3.6,IN,1722641703
314,dunedin,-45.8742,170.5036,280.31,72,47,0.88,NZ,1722641435
315,alenquer,-1.9417,-54.7383,300.2,58,24,1.98,BR,1722641705
316,el calafate,-50.3408,-72.2768,275.02,94,100,1.67,AR,1722641707
317,sandnessjoen,66.0217,12.6316,285.44,80,93,1.4,NO,1722641708
318,bardai,11.65,7.2333,295.24,91,99,3.68,NG,1722641709
319,tangalle,6.024,80.7911,299.03,83,95,5.03,LK,1722641710
320,al jumum,21.6169,39.6981,302.88,69,30,2.26,SA,1722641712
321,ancud,-41.8697,-73.8203,281.67,89,100,8.05,CL,1722641713
322,bubaque,11.2833,-15.8333,299.6,75,97,5.47,GW,1722641714
323,totness,5.8833,-56.3167,299.48,83,22,3.58,SR,1722641715
324,forrest city,35.0081,-90.7898,303.96,57,19,1.78,US,1722641716
325,maqat,47.65,53.3167,298.81,52,73,5.74,KZ,1722641718
326,kruisfontein,-34.0033,24.7314,279.75,90,5,2.22,ZA,1722641719
327,whitehaven,54.549,-3.5841,288.52,95,100,0.45,GB,1722641720
328,san patricio,28.017,-97.5169,306.78,56,55,5.42,US,1722641721
329,shingu,33.7333,135.9833,303.01,71,77,1.95,JP,1722641722
330,humaita,-7.5061,-63.0208,301.84,39,39,1.05,BR,1722641724
331,pailon,-17.65,-62.75,302.65,27,0,8.05,BO,1722641725
332,brookhaven,31.5791,-90.4407,305.96,69,94,2.2,US,1722641726
333,fale old settlement,-9.3852,-171.2468,301.41,72,26,7.28,TK,1722641727
334,aasiaat,68.7098,-52.8699,276.28,87,47,1.07,GL,1722641728
335,guerrero negro,27.9769,-114.0611,297.83,59,61,8.17,MX,1722641730
336,argo,37.6333,22.7333,298.59,48,0,1.92,GR,1722641731
337,solnechniy,56.5438,48.4044,285.79,97,55,1.49,RU,1722641732
338,okuta,9.2167,3.1833,294.46,96,75,2.44,NG,1722641733
339,kamaishi,39.2667,141.8833,300.71,73,19,2.74,JP,1722641736
340,patong,7.8961,98.2966,303.16,83,99,1.85,TH,1722641737
341,pinotepa nacional,16.3167,-98.0167,298.93,79,87,1.31,MX,1722641738
342,carnarvon,-24.8667,113.6333,289.58,76,0,5.22,AU,1722641739
343,shanwei,22.782,115.3475,301.98,84,7,3.55,CN,1722641740
344,labuan,5.2767,115.2417,297.35,100,20,0.0,MY,1722641742
345,malvan,16.0667,73.4667,299.73,86,100,8.3,IN,1722641743
346,gilgit,35.9221,74.3087,298.73,62,0,2.93,PK,1722641744
347,turtas,58.9417,69.1325,288.04,96,8,1.66,RU,1722641745
348,ciudad lazaro cardenas,17.9583,-102.2,302.41,72,100,3.63,MX,1722641746
349,laguna,38.421,-121.4238,310.73,30,0,3.6,US,1722641748
350,port hedland,-20.3167,118.5667,290.18,100,100,5.14,AU,1722641749
351,santa rosa,14.3122,121.1114,301.53,83,29,1.2,PH,1722641750
352,khandyga,62.6667,135.6,287.52,52,22,1.35,RU,1722641751
353,ha'il,27.5219,41.6907,304.16,25,0,1.03,SA,1722641752
354,abu al matamir,30.9102,30.1744,298.42,72,0,1.09,EG,1722641754
355,kaihua,23.3687,104.28,291.79,99,100,1.73,CN,1722641756
356,revda,56.801,59.9303,285.51,98,55,2.59,RU,1722641757
357,santo antonio,-6.3106,-35.4789,294.59,91,32,5.15,BR,1722641758
358,katsuura,35.1333,140.3,299.34,76,7,2.89,JP,1722641760
359,port arthur,38.8,121.2667,299.27,90,100,2.62,CN,1722641761
360,saurimo,-9.6608,20.3916,289.7,24,18,1.86,AO,1722641762
361,colonia,50.9333,6.95,292.01,86,0,0.51,DE,1722641763
362,bargaal,11.2864,51.0773,303.98,47,82,11.13,SO,1722641765
363,bunyan,38.8463,35.8603,289.27,40,0,1.47,TR,1722641766
364,kolyvan',55.3053,82.7391,289.94,89,1,2.22,RU,1722641767
365,oppdal,62.5943,9.6912,283.66,80,1,1.67,NO,1722641768
366,stawell,-37.05,142.7667,281.81,70,100,1.68,AU,1722641769
367,bayanaul,50.7889,75.6956,292.11,72,81,3.05,KZ,1722641771
368,la passe,45.5549,-0.8967,290.28,86,20,4.72,FR,1722641772
369,zheleznodorozhnyy,55.7503,38.0042,289.07,89,37,2.29,RU,1722641773
370,courtenay,49.6866,-124.9936,304.27,47,20,2.57,CA,1722641774
371,trinidad,-14.8333,-64.9,305.14,45,20,3.6,BO,1722641775
372,los llanos de aridane,28.6585,-17.9182,294.01,78,0,7.2,ES,1722641777
373,slave lake,55.2834,-114.769,294.14,46,75,2.06,CA,1722641778
374,zouerate,22.7187,-12.4521,310.75,14,91,5.01,MR,1722641779
375,conception bay south,47.4999,-52.9981,289.01,98,98,6.24,CA,1722641578
376,la ronge,55.1001,-105.2842,296.27,35,40,6.69,CA,1722641781
377,santa ana,33.7456,-117.8678,311.68,34,20,3.6,US,1722641513
378,newquay,50.4132,-5.0819,290.57,100,100,4.63,GB,1722641784
379,dawei,14.0833,98.2,298.29,93,100,0.35,MM,1722641785
380,nishinoomote,30.7333,131.0,303.46,89,20,4.63,JP,1722641786
381,sittwe,20.15,92.9,299.36,87,100,4.39,MM,1722641787
382,madang,-5.2246,145.7966,302.42,63,94,0.74,PG,1722641790
383,sarupathar,26.1984,93.8094,297.36,97,100,1.42,IN,1722641791
384,claremont,34.0967,-117.7198,310.54,34,0,7.72,US,1722641526
385,revuca,48.6835,20.1173,290.69,97,89,1.3,SK,1722641794
386,thunder bay,48.4001,-89.3168,302.14,37,20,6.17,CA,1722641796
387,iranshahr,27.2025,60.6848,305.6,49,64,0.91,IR,1722641797
388,twon-brass,4.3151,6.2418,297.88,81,61,3.56,NG,1722641798
389,sao joao da barra,-21.6403,-41.0511,293.2,77,0,6.83,BR,1722641799
390,palmer,42.1584,-72.3287,298.7,79,100,2.06,US,1722641800
391,bunia,1.5667,30.25,291.27,87,88,1.72,CD,1722641802
392,al bardiyah,31.7561,25.0865,298.29,68,0,5.35,LY,1722641803
393,newport,51.5877,-2.9984,292.29,90,80,5.46,GB,1722641804
394,mudgal,16.0167,76.4333,296.09,81,100,7.62,IN,1722641805
395,taveta,-3.3963,37.6736,292.43,80,54,2.16,KE,1722641806
396,tikrit,34.6071,43.6782,305.81,21,0,7.46,IQ,1722641808
397,vila do maio,15.1333,-23.2167,299.59,84,100,6.9,CV,1722641809
398,soro,21.2881,86.6858,299.17,87,100,5.3,IN,1722641810
399,karratha,-20.7377,116.8463,293.37,77,84,3.75,AU,1722641811
400,lubang,13.8584,120.124,301.45,75,91,2.4,PH,1722641813
401,newman,37.3138,-121.0208,309.14,15,99,0.73,US,1722641814
402,saint-francois,46.4154,3.9054,293.84,83,20,2.06,FR,1722641815
403,velez,6.0134,-73.6735,283.52,96,93,1.45,CO,1722641816
404,sabha,27.0377,14.4283,302.3,22,0,5.14,LY,1722641817
405,arteche,12.2645,125.4048,301.12,78,62,1.4,PH,1722641819
406,yangjiang,21.85,111.9667,302.12,85,93,3.33,CN,1722641820
407,greenville,35.6127,-77.3663,300.24,81,0,3.6,US,1722641822
408,akureyri,65.6835,-18.0878,287.11,72,75,3.6,IS,1722641823
409,marquette,46.5333,-87.6335,299.84,46,0,2.71,US,1722641825
410,touros,-5.1989,-35.4608,296.03,91,29,5.27,BR,1722641826
411,mujiayingzi,42.1167,118.7833,296.4,84,98,1.54,CN,1722641827
412,kirakira,-10.4544,161.9205,303.29,66,58,3.06,SB,1722641828
413,luanda,-8.8368,13.2343,293.15,88,41,2.57,AO,1722641829
414,port alfred,-33.5906,26.891,283.73,85,24,1.55,ZA,1722641831
415,aroma,15.8167,36.1333,296.4,79,100,3.17,SD,1722641832
416,port-vila,-17.7338,168.3219,294.85,84,100,6.19,VU,1722641833
417,aksu,41.1231,80.2644,298.07,48,37,1.34,CN,1722641834
418,south hedland,-20.4089,118.5983,290.11,100,99,5.14,AU,1722641835
419,ende,-8.8432,121.6623,297.66,75,17,0.41,ID,1722641837
420,buon ma thuot,12.6667,108.05,295.51,96,18,0.52,VN,1722641838
421,agrinio,38.6214,21.4078,295.3,66,0,1.16,GR,1722641839
422,gobabis,-22.45,18.9667,288.45,26,5,3.3,NA,1722641840
423,barra de santo antonio,-9.4047,-35.5072,295.75,80,40,6.14,BR,1722641610
424,puri,19.8,85.85,299.44,80,100,7.42,IN,1722641843
425,masterton,-40.9597,175.6575,283.09,70,1,1.3,NZ,1722641844
426,noumea,-22.2763,166.4572,295.14,99,64,3.83,NC,1722641845
427,tadine,-21.55,167.8833,293.3,68,52,1.69,NC,1722641847
428,kismayo,-0.3582,42.5454,296.97,78,56,6.35,SO,1722641849
429,phek,25.6667,94.5,292.78,99,100,0.18,IN,1722641850
430,kirensk,57.7853,108.1119,290.74,64,13,1.44,RU,1722641851
431,saint john,45.2727,-66.0677,297.72,73,75,3.6,CA,1722641573
432,itoman,26.1247,127.6694,304.58,76,20,4.63,JP,1722641853
433,onokhoy,51.932,108.0747,290.01,91,100,1.11,RU,1722641855
434,du quoin,38.0114,-89.2362,300.49,77,15,3.94,US,1722641856
435,ratnagiri,16.9833,73.3,299.61,87,100,7.32,IN,1722641857
436,nova vicosa,-17.8919,-39.3719,295.18,88,17,2.23,BR,1722641858
437,el bauga,18.262,33.9081,298.93,70,89,5.28,SD,1722641859
438,alofi,-19.0595,-169.9187,299.09,57,40,5.14,NU,1722641861
439,guadalupe y calvo,26.1,-106.9667,291.57,73,68,1.03,MX,1722641862
440,lebyazh'ye,55.2689,66.4947,287.15,93,1,3.26,RU,1722641863
441,nizhniy ingash,56.2,96.53,289.72,94,9,1.24,RU,1722641864
442,gadzhiyevo,69.2551,33.3362,282.07,93,28,4.01,RU,1722641865
443,new plymouth,-39.0667,174.0833,281.1,100,6,1.5,NZ,1722641612
444,alamosa,37.4695,-105.87,303.14,15,0,3.6,US,1722641774
445,kifri,34.6959,44.9661,305.57,18,0,3.57,IQ,1722641869
446,hirara,24.8,125.2833,303.3,84,20,0.51,JP,1722641870
447,casablanca,33.5928,-7.6192,297.22,83,0,2.68,MA,1722641871
448,usinsk,65.9939,57.5281,288.75,90,77,6.9,RU,1722641872
449,vilyuysk,63.7553,121.6247,287.96,55,100,0.84,RU,1722641874
450,niamey,13.5137,2.1098,301.31,74,0,1.03,NE,1722641875
451,menaka,15.9182,2.4022,301.81,63,99,5.57,ML,1722641876
452,sukuta,13.4103,-16.7082,299.16,83,20,1.54,GM,1722641877
453,klyuchi,52.2667,79.1667,294.44,67,93,2.84,RU,1722641879
454,carora,10.1755,-70.0827,302.44,54,88,3.91,VE,1722641880
455,marengo,42.2486,-88.6084,302.1,65,19,3.06,US,1722641881
456,lang son,21.8333,106.7333,297.11,92,83,0.82,VN,1722641882
457,leava,-14.3,-178.1667,300.51,76,6,6.05,WF,1722641883
458,santa terezinha,-29.9002,-50.0904,289.32,91,4,6.88,BR,1722641885
459,saint-leu,-21.15,55.2833,292.63,85,2,2.12,RE,1722641886
460,yelizovo,53.1873,158.3805,292.23,68,75,0.0,RU,1722641887
461,yemetsk,63.4721,41.7941,286.22,94,45,2.06,RU,1722641888
462,mar del plata,-38.0023,-57.5575,291.41,84,100,3.13,AR,1722641890
463,zahedan,29.4963,60.8629,298.1,22,52,0.0,IR,1722641891
464,fada,7.25,4.0667,294.45,99,100,1.1,NG,1722641892
465,ghat,24.9647,10.1728,303.38,11,0,2.67,LY,1722641893
466,fort-shevchenko,44.5086,50.263,298.72,64,2,2.35,KZ,1722641894
467,xinyuan,37.3,99.0,280.38,70,2,1.09,CN,1722641896
468,westport,41.1415,-73.3579,301.02,80,0,2.68,US,1722641604
469,luderitz,-26.6481,15.1594,286.12,82,0,4.36,NA,1722641898
470,zelenogorsk,56.1147,94.5861,291.16,95,1,1.11,RU,1722641899
471,erenhot,43.6475,111.9767,297.59,51,100,4.82,CN,1722641900
472,saint-pierre,-21.3393,55.4781,292.97,68,100,2.06,RE,1722641903
473,az zulfi,26.2995,44.8154,303.6,19,60,3.82,SA,1722641904
474,kasongo-lunda,-6.4667,16.8167,296.9,33,28,1.49,CD,1722641905
475,carutapera,-1.195,-46.02,299.02,80,65,3.75,BR,1722641906
476,langenfeld,51.1,6.95,292.03,89,0,1.34,DE,1722641908
477,al bayda',32.7627,21.7551,293.45,90,0,3.46,LY,1722641909
478,shache,38.4167,77.2406,301.27,37,49,1.12,CN,1722641910
479,xinqing,48.2333,129.5,295.88,61,98,2.34,CN,1722641911
480,chaihe,44.7667,129.7,295.57,94,100,0.45,CN,1722641913
481,medicine hat,50.0501,-110.6683,307.39,20,40,5.14,CA,1722641914
482,meulaboh,4.1363,96.1285,297.79,88,100,2.2,ID,1722641915
483,charters towers,-20.1,146.2667,292.91,42,0,7.76,AU,1722641916
484,kudahuvadhoo,2.6708,72.8944,301.26,71,93,0.78,MV,1722641917
485,val-d'or,48.1002,-77.7828,303.2,51,75,4.12,CA,1722641919
486,beledweyne,4.7358,45.2036,297.03,70,100,8.7,SO,1722641920
487,hazard,37.2495,-83.1932,299.28,96,76,1.26,US,1722641921
488,kirsanov,52.6549,42.7224,286.0,94,16,3.4,RU,1722641922
489,kaa-khem,51.6833,94.7333,294.26,43,3,1.29,RU,1722641923
490,borogontsy,62.6683,131.1683,289.91,39,5,1.66,RU,1722641925
491,loikaw,19.6742,97.2094,293.28,98,100,1.06,MM,1722641926
492,glucholazy,50.315,17.3836,289.12,98,100,4.58,PL,1722641927
493,fredericton,45.9454,-66.6656,299.62,74,40,1.54,CA,1722641928
494,san andres,12.5847,-81.7006,303.16,74,20,4.63,CO,1722641930
495,changleng,28.7,115.8167,304.61,66,3,2.18,CN,1722641931
496,khunti,23.0833,85.2833,296.21,97,100,6.53,IN,1722641932
497,chulakkurgan,43.765,69.1814,297.95,29,0,4.72,KZ,1722641933
498,daru,-9.0763,143.2092,297.63,87,91,9.12,PG,1722641934
499,batyrevo,55.0675,47.6111,286.28,98,70,2.89,RU,1722641936
500,lagoa,39.05,-27.9833,295.83,74,2,1.28,PT,1722641937
501,vegreville,53.5001,-112.0518,298.54,32,46,5.14,CA,1722641938
502,micheweni,-4.9667,39.8333,297.96,78,3,5.96,TZ,1722641939
503,akhmim,26.5622,31.745,304.26,23,3,2.14,EG,1722641940
504,sao vicente,-23.9631,-46.3919,300.25,59,1,0.6,BR,1722641868
505,okha,53.5739,142.9478,288.16,63,14,4.48,RU,1722641943
506,el granada,37.5027,-122.4694,301.18,71,75,10.29,US,1722641944
507,sinanpasa,38.7444,30.2428,292.37,40,0,1.23,TR,1722641945
508,hsinchu,24.8036,120.9686,304.45,76,2,0.45,TW,1722641946
509,manicore,-5.8092,-61.3003,300.69,49,70,0.92,BR,1722641948
510,mount gambier,-37.8333,140.7667,282.76,88,99,1.4,AU,1722641949
511,ornskoldsvik,63.2909,18.7153,289.68,88,100,3.09,SE,1722641950
512,zaozersk,69.4005,32.4476,281.01,95,21,3.43,RU,1722641951
513,lugovoye,42.9094,72.7178,296.92,38,14,2.86,KZ,1722641952
514,tyuratam,45.6507,63.3156,297.1,46,0,4.71,KZ,1722641954
515,galesong,-5.3166,119.3661,294.16,70,17,1.82,ID,1722641955
516,khovd,48.0056,91.6419,293.73,38,0,1.16,MN,1722641956
517,lomza,53.1781,22.0593,289.57,64,100,0.89,PL,1722641957
518,aras-asan,8.8908,126.3033,300.21,77,100,1.75,PH,1722641959
519,sola,-13.8833,167.55,299.27,80,9,6.43,VU,1722641960
520,tinajo,29.0788,-13.7081,295.64,78,0,13.38,ES,1722641961
521,oriximina,-1.7656,-55.8661,301.81,55,65,1.59,BR,1722641962
522,kalabo,-14.97,22.6814,287.96,28,2,2.81,ZM,1722641963
523,yeysk,46.6989,38.2792,297.24,66,3,1.91,RU,1722641965
524,santa elena de uairen,4.6167,-61.1333,293.32,90,80,0.96,VE,1722641966
525,katra,32.9833,74.95,297.0,85,12,2.01,IN,1722641967
526,ad dawadimi,24.5077,44.3924,302.79,19,99,1.64,SA,1722641968
527,st. thomas,42.7736,-81.1804,298.85,76,79,0.88,CA,1722641969
528,laascaanood,8.4774,47.3597,297.48,53,87,10.89,SO,1722641971
529,la paz,-16.5,-68.15,285.14,17,0,3.09,BO,1722641972
530,belle chasse,29.8549,-89.9906,308.71,59,75,3.09,US,1722641973
531,alto barinas,8.5931,-70.2261,298.64,82,34,0.89,VE,1722641974
532,kujang-up,39.8672,126.0303,299.84,89,48,0.85,KP,1722641975
533,corinto,37.9407,22.9573,298.65,51,0,2.18,GR,1722641977
534,queenstown,-31.8976,26.8753,283.38,44,3,3.74,ZA,1722641978
535,lamu,-2.2717,40.902,296.55,80,21,4.95,KE,1722641979
536,taltal,-25.4,-70.4833,289.01,70,0,1.61,CL,1722641980
537,longquan,24.6719,102.1613,292.54,95,95,1.53,CN,1722641982
538,verkhniy ufaley,56.0567,60.2306,286.68,98,72,2.53,RU,1722641983
539,sachin,21.0833,72.8833,299.58,89,99,8.06,IN,1722641984
540,campo gallo,-26.5833,-62.85,305.23,27,27,5.5,AR,1722641985
541,iquique,-20.2208,-70.1431,290.17,82,47,2.9,CL,1722641986
542,maun,-19.9833,23.4167,288.45,35,0,2.55,BW,1722641988
543,eldorado,-23.7869,-54.2836,299.15,31,0,5.87,BR,1722641989
544,fort mcmurray,56.7268,-111.381,296.92,35,75,4.12,CA,1722641990
545,bel ombre,-4.6167,55.4167,299.06,83,75,3.6,SC,1722641991
546,flin flon,54.7682,-101.865,297.06,38,40,6.69,CA,1722641994
547,kiuruvesi,63.65,26.6167,285.85,98,100,1.62,FI,1722641995
548,xilin hot,43.9667,116.0333,293.16,85,100,2.65,CN,1722641996
549,dykan'ka,49.825,34.5279,288.92,55,57,2.53,UA,1722641997
550,lucea,18.451,-78.1736,303.07,80,100,3.11,JM,1722641999
551,buldana,20.5333,76.1833,295.76,86,100,5.99,IN,1722642000
552,praia da vitoria,38.7333,-27.0667,296.35,83,40,1.62,PT,1722642001
553,martuk,50.7475,56.5056,291.5,54,93,2.16,KZ,1722642002
554,odesskoye,54.2111,72.9651,290.84,94,99,2.78,RU,1722642004
555,conde,-7.2597,-34.9075,295.85,94,75,1.54,BR,1722642005
556,ormara,25.2088,64.6357,301.32,85,100,3.45,PK,1722642006
557,gorgan,36.8387,54.4348,297.13,88,100,4.12,IR,1722642007
558,marsh harbour,26.5412,-77.0636,301.81,79,64,8.11,BS,1722642009
559,timmins,48.4669,-81.3331,304.05,40,75,3.09,CA,1722642010
560,morehead city,34.7229,-76.726,302.15,82,0,8.23,US,1722642011
561,embi,48.8264,58.1442,295.98,32,40,3.84,KZ,1722642012
562,kavaratti,10.5669,72.642,301.03,75,100,8.27,IN,1722642013
563,skrunda,56.6833,22.0167,284.44,95,21,1.49,LV,1722642015
564,pangody,65.85,74.4859,290.64,84,60,4.13,RU,1722642016
565,choibalsan,48.0667,114.5,294.22,78,61,4.19,MN,1722642017
566,happy valley-goose bay,53.3168,-60.3315,289.32,72,20,2.57,CA,1722642018
567,lloydminster,53.2835,-110.0016,298.27,29,75,5.66,CA,1722642020
568,kenai,60.5544,-151.2583,291.2,76,0,11.32,US,1722641731
569,plastun,44.7561,136.2939,290.96,97,100,0.18,RU,1722642022
570,juneau,58.3019,-134.4197,292.15,100,75,1.54,US,1722642023
571,san fernando,15.0286,120.6898,298.0,82,24,0.57,PH,1722642024
572,kabalo,-6.05,26.9167,297.09,31,40,1.83,CD,1722642025
573,pandan,14.0453,124.1694,302.08,75,20,1.3,PH,1722642027
574,laminusa,5.5549,120.9136,301.62,71,66,1.88,PH,1722642028
575,caleta de carquin,-11.0925,-77.6267,289.45,85,4,7.7,PE,1722642029
576,crane,31.3974,-102.3501,309.8,21,0,6.41,US,1722641756
577,melfort,52.8667,-104.6177,298.22,47,23,3.6,CA,1722642031
578,kuluncak,38.8828,37.6728,287.81,52,0,3.42,TR,1722642033
